target_tuner_name,title,objective_metric_mean,objective_metric_std,parameters_relative,train_speed_median,gpu_memory_max
capture-230810-2012,Full Finetuning,0.946865439414978,0.0086833451075073,100.0,1841.949,79.4
capture-230810-2030,Classifier Only,0.8272171219189962,0.0035035116025189,0.4750448806820083,11877.474,13.300000000000002
capture-230810-2042,LoRA Base,0.9426605701446532,0.002293586730957,1.5397333128381496,1937.174,82.9
capture-230810-2100,LoRA Paper,0.9396024545033773,0.0023872407573299645,0.7116423100500396,3610.229,24.0
