target_tuner_name,title,objective_metric_mean,objective_metric_std,parameters_relative,train_speed_median,gpu_memory_max
capture-231209-0539,Full Finetuning,0.9458715558052064,0.0022058731942195,100.0,909.39,98.5
capture-231209-0600,Classifier Only,0.8243119120597839,0.0014952356132995,0.4750448806820083,2376.222,12.275
capture-231209-0618,LoRA Base,0.9461009263992308,0.0026894434219228,1.5397333128381496,777.052,97.4
8-ff-u-231210-1417,"LoRA ff_u, r=8",0.9417431235313416,0.0027379079165324,0.7707916673920474,1099.295,92.3
4-all-231210-1417,"LoRA all, r=4",0.9456422090530396,0.0033038496433145,1.0073890967600787,776.417,97.7
8-all-231210-1417,"LoRA all, r=8",0.9458715558052064,0.0029683745453003,1.5397333128381496,776.485,97.4
1-all-231210-1417,"LoRA all, r=1",0.9433486223220824,0.0039393350796033,0.6081309347015259,778.259,97.7
8-att-v-ff-u-231210-1443,"LoRA att_v+ff_u, r=8",0.9467889904975891,0.004102862686181014,0.8890903820760632,1011.282,97.8
