target_tuner_name,title,objective_metric_mean,objective_metric_std,parameters_relative,train_speed_median,gpu_memory_max
capture-231208-0537,Full Finetuning,0.9456421971321106,0.0017391668084087,100.0,907.947,87.85
capture-231208-0602,Classifier Only,0.8222476959228515,0.001621789657357,0.4750448806820083,2371.866,12.275
capture-231208-0617,LoRA Base,0.9435779809951782,0.004244655098713,1.5397333128381496,774.57,97.2